{
  "İstanbul_Adalar": [
    40.8180328,
    40.9144917,
    28.969171,
    29.1482181
  ],
  "İstanbul_Arnavutköy": [
    41.088634,
    41.408084,
    28.4892653,
    28.8214361
  ],
  "İstanbul_Ataşehir": [
    40.9590646,
    41.0094893,
    29.072293,
    29.2035055
  ],
  "İstanbul_Avcılar": [
    40.968936,
    41.1060842,
    28.6822602,
    28.7567678
  ],
  "İstanbul_Bağcılar": [
    41.0175556,
    41.0724184,
    28.8079497,
    28.872744
  ],
  "İstanbul_Bahçelievler": [
    40.9916649,
    41.027953,
    28.8059569,
    28.8857606
  ],
  "İstanbul_Bakırköy": [
    40.9545213,
    41.0066949,
    28.773436,
    28.895958
  ],
  "İstanbul_Başakşehir": [
    41.0578521,
    41.1494396,
    28.6395951,
    28.8506049
  ],
  "İstanbul_Bayrampaşa": [
    41.0243395,
    41.0771924,
    28.8784523,
    28.9240058
  ],
  "İstanbul_Beşiktaş": [
    41.0367733,
    41.1066686,
    28.9919114,
    29.0551191
  ],
  "İstanbul_Beykoz": [
    41.042288,
    41.2353335,
    29.0642474,
    29.3654018
  ],
  "İstanbul_Beylikdüzü": [
    40.9571644,
    41.0185797,
    28.5948498,
    28.7001289
  ],
  "İstanbul_Beyoğlu": [
    41.0210793,
    41.064434,
    28.9390119,
    28.9957843
  ],
  "İstanbul_Büyükçekmece": [
    40.984499,
    41.1296274,
    28.3909885,
    28.6340208
  ],
  "İstanbul_Çatalca": [
    41.0557883,
    41.5833019,
    28.0709481,
    28.5952014
  ],
  "İstanbul_Çekmeköy": [
    41.0130298,
    41.1325384,
    29.1382426,
    29.4020295
  ],
  "İstanbul_Esenler": [
    41.0173263,
    41.1079173,
    28.8337984,
    28.9006289
  ],
  "İstanbul_Esenyurt": [
    40.999701,
    41.0981109,
    28.6205441,
    28.7018986
  ],
  "İstanbul_Eyüpsultan": [
    41.0243851,
    41.3061113,
    28.770023,
    28.9763653
  ],
  "İstanbul_Fatih": [
    40.9876327,
    41.04086,
    28.919882,
    28.9881084
  ],
  "İstanbul_Gaziosmanpaşa": [
    41.0515837,
    41.0942843,
    28.8743627,
    28.9392181
  ],
  "İstanbul_Güngören": [
    41.0016974,
    41.0384821,
    28.8590034,
    28.9025818
  ],
  "İstanbul_Kadıköy": [
    40.9499656,
    41.0123011,
    29.0148423,
    29.1112349
  ],
  "İstanbul_Kağıthane": [
    41.0746544,
    41.0846544,
    28.9681198,
    28.9781198
  ],
  "İstanbul_Kartal": [
    40.8781452,
    40.9529633,
    29.138277,
    29.2551653
  ],
  "İstanbul_Küçükçekmece": [
    40.9770526,
    41.0641013,
    28.7397863,
    28.8193482
  ],
  "İstanbul_Maltepe": [
    40.906671,
    40.9812459,
    29.0948141,
    29.2162998
  ],
  "İstanbul_Pendik": [
    40.8538282,
    41.0605633,
    29.2154413,
    29.5067024
  ],
  "İstanbul_Sancaktepe": [
    40.9460384,
    41.0527344,
    29.1856762,
    29.3643724
  ],
  "İstanbul_Sarıyer": [
    41.0810946,
    41.2621786,
    28.9325702,
    29.1162566
  ],
  "İstanbul_Şile": [
    40.9617484,
    41.2166263,
    29.3210642,
    29.9588048
  ],
  "İstanbul_Şişli": [
    41.0391941,
    41.093746,
    28.9617094,
    29.0160356
  ],
  "İstanbul_Silivri": [
    41.0320583,
    41.3637851,
    27.9708481,
    28.3954521
  ],
  "İstanbul_Sultanbeyli": [
    40.9317408,
    41.0048762,
    29.2447211,
    29.3119449
  ],
  "İstanbul_Sultangazi": [
    41.0815985,
    41.1598111,
    28.8238482,
    28.9216741
  ],
  "İstanbul_Tuzla": [
    40.8027042,
    40.9806318,
    29.2545791,
    29.456816
  ],
  "İstanbul_Ümraniye": [
    40.9889727,
    41.0654468,
    29.0803543,
    29.1946641
  ],
  "İstanbul_Üsküdar": [
    40.992524,
    41.0778919,
    29.0063631,
    29.0916883
  ],
  "İstanbul_Zeytinburnu": [
    40.9778498,
    41.0325469,
    28.8899116,
    28.929299
  ]
}